{"cameraMode":{"drawMode":0,"name":"Shaded","section":"Shading Mode"},"sceneLighting":true,"audioPlay":false,"sceneViewState":{"m_AlwaysRefresh":false,"showFog":true,"showSkybox":true,"showFlares":true,"showImageEffects":true,"showParticleSystems":true,"showVisualEffectGraphs":true,"m_FxEnabled":true},"in2DMode":false,"pivot":{"x":14.285239219665528,"y":1.3373409509658814,"z":1.2594704627990723},"rotation":{"x":-0.005999262444674969,"y":0.017400452867150308,"z":0.00010463677608640864,"w":0.9998356699943543},"size":28.04207420349121,"orthographic":true}