{"cameraMode":{"drawMode":0,"name":"Shaded","section":"Shading Mode"},"sceneLighting":true,"audioPlay":false,"sceneViewState":{"m_AlwaysRefresh":false,"showFog":true,"showSkybox":true,"showFlares":true,"showImageEffects":true,"showParticleSystems":true,"showVisualEffectGraphs":true,"m_FxEnabled":true},"in2DMode":false,"pivot":{"x":-0.12538450956344605,"y":1.424625039100647,"z":6.724958896636963},"rotation":{"x":0.17625638842582704,"y":-0.32391661405563357,"z":0.06155615299940109,"w":0.9274823665618897},"size":4.380454063415527,"orthographic":true}