{"cameraMode":{"drawMode":0,"name":"Shaded","section":"Shading Mode"},"sceneLighting":true,"audioPlay":false,"sceneViewState":{"m_AlwaysRefresh":true,"showFog":false,"showSkybox":true,"showFlares":true,"showImageEffects":true,"showParticleSystems":true,"showVisualEffectGraphs":true,"m_FxEnabled":true},"in2DMode":false,"pivot":{"x":-0.03000020980834961,"y":3.7899999618530275,"z":-6.659999847412109},"rotation":{"x":0.10337705165147782,"y":-0.7261932492256165,"z":0.11200167238712311,"w":0.6704310178756714},"size":12.12435531616211,"orthographic":false}