{"cameraMode":{"drawMode":0,"name":"Shaded","section":"Shading Mode"},"sceneLighting":true,"audioPlay":false,"sceneViewState":{"m_AlwaysRefresh":false,"showFog":true,"showSkybox":true,"showFlares":true,"showImageEffects":true,"showParticleSystems":true,"showVisualEffectGraphs":true,"m_FxEnabled":true},"in2DMode":false,"pivot":{"x":38.31220626831055,"y":3.338056802749634,"z":6.05924129486084},"rotation":{"x":0.002399872522801161,"y":-0.00600327318534255,"z":0.00001429378244210966,"w":0.999983012676239},"size":16.076141357421876,"orthographic":false}