{"cameraMode":{"drawMode":0,"name":"Shaded","section":"Shading Mode"},"sceneLighting":true,"audioPlay":false,"sceneViewState":{"m_AlwaysRefresh":false,"showFog":true,"showSkybox":true,"showFlares":true,"showImageEffects":true,"showParticleSystems":true,"showVisualEffectGraphs":true,"m_FxEnabled":true},"in2DMode":false,"pivot":{"x":1.2959072589874268,"y":1.3317149877548218,"z":-2.971453905105591},"rotation":{"x":0.004772564861923456,"y":0.10659311711788178,"z":-0.0005117885884828866,"w":0.9942963719367981},"size":0.0001718878629617393,"orthographic":false}